<?xml version="1.0" encoding="utf-8"?>
<extension type="module" version="3.1" client="site" method="upgrade">
	<name>mod_jblancestats</name>
	<creationDate>25 June 2012</creationDate>
	<author>JoomBri Team</author>
	<copyright>Copyright (C) 2012 - 2017 BriTech Solutions. All rights reserved.</copyright>
	<license>http://www.gnu.org/licenses/gpl-2.0.html GNU/GPL</license>
	<authorEmail>support@joombri.in</authorEmail>
	<authorUrl>www.joombri.in</authorUrl>
	<version>1.1</version>n>
	<description>MOD_JBLANCE_DESC_STATS_MODULE</description>
	
	<files>
		<filename module="mod_jblancestats">mod_jblancestats.php</filename>
		<filename>index.html</filename>
		<filename>helper.php</filename>
		<folder>css</folder>
		<folder>tmpl</folder>
	</files>

	<languages>
		<language tag="en-GB">language/en-GB/en-GB.mod_jblancestats.ini</language>
		<language tag="en-GB">language/en-GB/en-GB.mod_jblancestats.sys.ini</language>
	</languages>

	<config>
		<fields name="params">
			<fieldset name="basic">
				<field name="total_projects" type="radio" class="btn-group btn-group-yesno" default="1" label="MOD_JBLANCE_LABEL_TOTAL_PROJECTS" description="MOD_JBLANCE_DESC_TOTAL_PROJECTS">
					<option value="1">JSHOW</option>
					<option value="0">JHIDE</option>
				</field>
				<field name="active_projects" type="radio" class="btn-group btn-group-yesno" default="1" label="MOD_JBLANCE_LABEL_TOTAL_OPEN_PROJECTS" description="MOD_JBLANCE_DESC_TOTAL_OPEN_PROJECTS">
					<option value="1">JSHOW</option>
					<option value="0">JHIDE</option>
				</field>
				<field name="total_users" type="radio" class="btn-group btn-group-yesno" default="1" label="MOD_JBLANCE_LABEL_TOTAL_USERS" description="MOD_JBLANCE_DESC_TOTAL_USERS">
					<option value="1">JSHOW</option>
					<option value="0">JHIDE</option>
				</field>
				<field name="display_type" type="list" default="vertical" label="MOD_JBLANCE_LABEL_DISPLAY_TYPE" description="MOD_JBLANCE_DESC_DISPLAY_TYPE">
					<option value="vertical">MOD_JBLANCE_VERTICAL</option>
					<option value="horizontal">MOD_JBLANCE_HORIZONTAL</option>
				</field>
			</fieldset>
			<fieldset name="advanced">
				<field name="layout" type="modulelayout" label="JFIELD_ALT_LAYOUT_LABEL" description="JFIELD_ALT_MODULE_LAYOUT_DESC" />
				<field name="moduleclass_sfx" type="textarea" rows="3" label="COM_MODULES_FIELD_MODULECLASS_SFX_LABEL" description="COM_MODULES_FIELD_MODULECLASS_SFX_DESC" />
				<field name="cache" type="list" default="0" label="COM_MODULES_FIELD_CACHING_LABEL" description="COM_MODULES_FIELD_CACHING_DESC">
					<option value="0">COM_MODULES_FIELD_VALUE_NOCACHING</option>
				</field>
			</fieldset>
		</fields>
    </config>
</extension>