<?xml version="1.0" encoding="utf-8"?>
<extension type="module" version="3.1" client="site" method="upgrade">
	<name>mod_jblanceusers</name>
	<creationDate>21 June 2012</creationDate>
	<author>JoomBri Team</author>
	<copyright>Copyright (C) 2012 - 2017 BriTech Solutions. All rights reserved.</copyright>
	<license>http://www.gnu.org/licenses/gpl-2.0.html GNU/GPL</license>
	<authorEmail>support@joombri.in</authorEmail>
	<authorUrl>www.joombri.in</authorUrl>
	<version>1.0.2</version>n>
	<description>MOD_JBLANCE_DESC_USERS_MODULE</description>
	
	<files>
		<filename module="mod_jblanceusers">mod_jblanceusers.php</filename>
		<filename>index.html</filename>
	    <filename>helper.php</filename>	
	    <folder>css</folder>
	    <folder>tmpl</folder>
	</files>
	
	<languages>
		<language tag="en-GB">language/en-GB/en-GB.mod_jblanceusers.ini</language>
		<language tag="en-GB">language/en-GB/en-GB.mod_jblanceusers.sys.ini</language>
	</languages>
	
	<config>
        <fields name="params">
			<fieldset name="basic" addfieldpath="/administrator/components/com_jblance/models/fields">
				<field name="total_row" type="text" class="input-mini" default="5" label="MOD_JBLANCE_LABEL_TOTAL_ROW" description="MOD_JBLANCE_DESC_TOTAL_ROW" />
				<field name="show_logo" type="radio" class="btn-group btn-group-yesno" default="1" label="MOD_JBLANCE_LABEL_SHOW_USER_LOGO" description="MOD_JBLANCE_DESC_SHOW_USER_LOGO">
					<option value="1">JYES</option>
					<option value="0">JNO</option>
				</field>
				<field name="ug_id" type="jbusergroup" default="" size="5" label="MOD_JBLANCE_LABEL_USER_GROUP" description="MOD_JBLANCE_DESC_USER_GROUP" />
				<field name="show_usertype" type="list" default="0" label="MOD_JBLANCE_LABEL_SHOW_USER_TYPES" description="MOD_JBLANCE_DESC_SHOW_USER_TYPES">
					<option value="0">MOD_JBLANCE_SHOW_ALL_USERS</option>
					<option value="1">MOD_JBLANCE_SHOW_ONLY_TOP_RATED_USERS</option>
					<!-- <option value="2">Show only Featured Users</option> -->
				</field>
				<field name="set_itemid" type="menuitem" default="101" label="MOD_JBLANCE_LABEL_SET_ITEMID" description="MOD_JBLANCE_LABEL_SET_ITEMID" />
			</fieldset>
			<fieldset name="advanced">
				<field name="layout" type="modulelayout" label="JFIELD_ALT_LAYOUT_LABEL" description="JFIELD_ALT_MODULE_LAYOUT_DESC" />
				<field name="moduleclass_sfx" type="textarea" rows="3" label="COM_MODULES_FIELD_MODULECLASS_SFX_LABEL" description="COM_MODULES_FIELD_MODULECLASS_SFX_DESC" />
				<field name="cache" type="list" default="0" label="COM_MODULES_FIELD_CACHING_LABEL" description="COM_MODULES_FIELD_CACHING_DESC">
					<option value="0">COM_MODULES_FIELD_VALUE_NOCACHING</option>
				</field>
			</fieldset>
		</fields>
    </config>
</extension>
