<?xml version="1.0" encoding="utf-8"?>
<extension type="module" version="3.1" client="site" method="upgrade">
	<name>mod_jblancebalance</name>
	<creationDate>04 March 2013</creationDate>
	<author>JoomBri Team</author>
	<copyright>Copyright (C) 2012 - 2017 BriTech Solutions. All rights reserved.</copyright>
	<license>http://www.gnu.org/licenses/gpl-2.0.html GNU/GPL</license>
	<authorEmail>support@joombri.in</authorEmail>
	<authorUrl>www.joombri.in</authorUrl>
	<version>1.0</version>n>
	<description>MOD_JBLANCE_DESC_BALANCE_MODULE</description>
	
	<files>
		<filename module="mod_jblancebalance">mod_jblancebalance.php</filename>
		<filename>index.html</filename>
		<filename>helper.php</filename>
		<folder>tmpl</folder>
	</files>

	<languages>
		<language tag="en-GB">language/en-GB/en-GB.mod_jblancebalance.ini</language>
		<language tag="en-GB">language/en-GB/en-GB.mod_jblancebalance.sys.ini</language>
	</languages>

	<config>
		<fields name="params">
		</fields>
    </config>
</extension>